id,date,heure,sujet,type,resume,acteur,source,repere,validite_au_30sept,lien
EV001,2026-06,,Échéancier,DOCUMENT,Plan préliminaire : mise en production 15 oct. (version préliminaire),Élodie Caron,08_Archives_et_documents_connexes/Plan_NOVA_preliminaire_juin.xlsx,Plan projet!E3:G3 (date exacte du fichier inconnue),historique (remplacé),EV004
EV002,2026-07-07,,Gouvernance,DECISION,Élodie Caron nommée chargée de projet,Comité de démarrage,02_Reunions/M01_CR_Demarrage_07juillet.txt,ligne 9 ; Charte ligne 4 ; E01,historique (remplacé),EV041
EV003,2026-07-07,,Budget,DECISION,Budget initial maximal 180 000 $ CAD,Comité de démarrage,02_Reunions/M01_CR_Demarrage_07juillet.txt,ligne 10 ; Charte ligne 6 ; E01,actuel (base du plafond),EV006;EV016
EV004,2026-07-07,,Échéancier,DECISION,Cible de mise en production 15 octobre 2026,Comité de démarrage,02_Reunions/M01_CR_Demarrage_07juillet.txt,ligne 11 ; Charte ligne 7,historique (remplacé),EV034
EV005,2026-07-07,,Portée,DECISION,"Portée phase 1 : SSO, demandes, pièces jointes, workflow, tableau de suivi, rapports standards. Mobile avancé non discuté.",Comité de démarrage,02_Reunions/M01_CR_Demarrage_07juillet.txt,lignes 12 et 20 ; Charte lignes 12-18,actuel,EV052
EV006,2026-07-07,,Contrat,DOCUMENT,"Contrat Boréal : max 180 000 $ CAD, période 7 juil.-31 oct. 2026 ; tout hors-portée exige un CR écrit approuvé avant exécution et facturation",Organisation Démo / Boréal,05_Contrats_et_finances/CONTRAT_Boreal_NOVA.pdf,p.1 Valeur contractuelle ; Gestion des changements,actuel,EV050
EV007,2026-07-18,,Hébergement,DOCUMENT,Architecture v1 : données en East US,Boréal,06_Architecture_et_decisions/Architecture_NOVA_v1.pdf,p.1,remplacé,EV009
EV008,2026-07-22,14:32,Hébergement,CONSTAT,Sophie signale East US et exige que les données de production restent au Canada,Sophie Lambert,01_Courriels/E02_Question_hebergement.eml,corps (+ PJ Architecture v1),historique,EV009
EV009,2026-07-23,09:10,Hébergement,DECISION,Production NOVA en Canada Central ; v1 obsolète sur ce point (ADR-007 acceptée),"Élodie, Marc, Sophie, Julien",06_Architecture_et_decisions/ADR-007_Localisation_donnees.md,"lignes 3-4, 10 ; M02 09:06-09:17",actuel,EV021;EV022
EV010,2026-07-23,09:15,Sécurité,DECISION,"SSO uniquement en production, pas de comptes locaux",Sophie Lambert,02_Reunions/M02_Transcript_Architecture_23juillet.txt,09:14-09:17,actuel,
EV011,2026-07-23,09:36,Sécurité,ENGAGEMENT,"Exigence : journaliser toutes les actions admin (consultation, export) ; Boréal montrera l'audit log en validation",Sophie Lambert / Julien Moreau,02_Reunions/M02_Transcript_Architecture_23juillet.txt,09:36-09:38,actuel (origine de SEC-210),EV039
EV012,2026-07-31,,Finances,FINANCE,INV-001 : 60 000 $ acompte phase 1 - Payée,Boréal,05_Contrats_et_finances/INV-001.pdf,p.1,actuel,
EV013,2026-08-11,,Accessibilité,CONSTAT,ACC-301 créé : champ nom sans label (NVDA « edit blank »),QA / Mélissa Gagnon,03_Tickets/ACC-301.txt,en-tête ; comm. 12 août,historique,EV017
EV014,2026-08-12,,Accessibilité,CONSTAT,"ACC-302 créé : contraste 2,1:1 ; Mélissa demande aussi de repasser les modales au clavier",QA / Mélissa Gagnon,03_Tickets/ACC-302.txt,comm. 13 août ; E04 citation du 12 août,historique,EV019;EV042
EV015,2026-08-14,,Finances,DECISION,CR-01 Rapports avancés 24 000 $ APPROUVÉE par le comité de projet,Comité de projet,05_Contrats_et_finances/CR-01_Rapports_avances_APPROUVE.pdf,p.1 Décision / Date / Autorité,actuel,EV016
EV016,2026-08-14,,Budget,CONSTAT,Montant autorisé = 180 000 + 24 000 = 204 000 $ (calcul de l'équipe ; CR-04 exclu),—,05_Contrats_et_finances/CONTRAT_Boreal_NOVA.pdf + CR-01_Rapports_avances_APPROUVE.pdf,p.1 / p.1,actuel,EV003;EV015
EV017,2026-08-15,,Accessibilité,VALIDATION,"ACC-301 validé NVDA + VoiceOver, fermé",Mélissa Gagnon,03_Tickets/ACC-301.txt,comm. 15 août,actuel,
EV018,2026-08-20,15:44,Accessibilité,DECLARATION,"Boréal : labels et contraste corrigés, « tout devrait être conforme »",Julien Moreau,01_Courriels/E04_Corrections_accessibilite.eml,corps,partiel (ne couvre pas les modales),EV042
EV019,2026-08-20,,Accessibilité,VALIDATION,"ACC-302 re-test 5,3:1, fermé",Mélissa Gagnon,03_Tickets/ACC-302.txt,comm. 20 août,actuel,
EV020,2026-08-25,,Hébergement,DOCUMENT,Architecture v2 : données en Canada Central (révisée après ADR-007),Boréal,06_Architecture_et_decisions/Architecture_NOVA_v2.pdf,p.1,"actuel (PJ de E03, non indépendant)",EV009;EV021
EV021,2026-08-26,09:05,Hébergement,DECLARATION,"Boréal : migration Canada Central complétée, test de déploiement/connectivité OK",Julien Moreau,01_Courriels/E03_Confirmation_Canada_Central.eml,corps + PJ Architecture_NOVA_v2.pdf,actuel,EV022
EV022,2026-08-27,,Hébergement,VALIDATION,Migration Canada Central déclarée par Boréal ET vérifiée par l'équipe architecture,Comité projet,02_Reunions/M03_CR_Comite_27aout.txt,ligne 5,actuel,EV009
EV023,2026-08-27,,Livraison,ENGAGEMENT,Boréal doit fournir une build de stabilisation début septembre,Boréal,02_Reunions/M03_CR_Comite_27aout.txt,ligne 13,"déclaré atteint (M06 10:01 « build stable »), non vérifié",
EV024,2026-08-31,,Finances,FINANCE,INV-002 : 72 000 $ (48 000 jalon 2 + 24 000 CR-01) - Payée,Boréal,05_Contrats_et_finances/INV-002.pdf,p.1,actuel,EV015
EV025,2026-09-02,,Migration données,CONSTAT,"DATA-401 : doublons (8401/8402), idempotence basée sur l'ID technique du message",Camille Beaulieu,03_Tickets/DATA-401.txt,Contexte / Analyse ; DATA-401_echantillon.csv lignes 2-3,historique,EV032
EV026,2026-09-03,,Performance,CONSTAT,PERF-501 : recherche lente 6-8 s (scan complet sans filtre),Support / Dév,03_Tickets/PERF-501.txt,comm. 03 et 04 sept,historique,EV029
EV027,2026-09-04,,Portée,PROPOSITION,"CR-04 Optimisation mobile 18 000 $ - BROUILLON, approbation requise, aucune signature",Boréal,05_Contrats_et_finances/CR-04_Optimisation_mobile_BROUILLON.pdf,p.1 Statut / Note,actuel : NON approuvé,EV037;EV052
EV028,2026-09-05,09:41,Intégration,CONSTAT,"INT-101 : recherches vides en INT, erreurs 401 (jeton expiré après changement de secret)",Marc Gervais / Boréal,03_Tickets/INT-101.txt,"comm. 05 sept 09:41, 11:18 ; INT-101_extrait_logs.txt lignes 1-2",historique,EV043
EV029,2026-09-07,09:12,Performance,VALIDATION,PERF-501 fermé : 620 ms en moyenne sur 50 essais,Support,03_Tickets/PERF-501.txt,comm. 07 sept ; M05 ligne 8,actuel,
EV030,2026-09-08,11:16,Échéancier,PROPOSITION,"Boréal recommande de déplacer la MEP au 22 octobre (« proposition », gouvernance à confirmer)",Julien Moreau,01_Courriels/E05_Retard_integration.eml,corps,historique (approuvée ensuite),EV034
EV031,2026-09-08,16:02,Intégration,CONSTAT,"INT-101 : erreurs intermittentes après remplacement du secret, risque sur le 15 octobre",Marc Gervais,03_Tickets/INT-101.txt,comm. 08 sept 16:02,historique,EV043
EV032,2026-09-09,,Migration données,VALIDATION,"DATA-401 : rejeu de 15 000 événements sans doublon, fermé",Camille Beaulieu,03_Tickets/DATA-401.txt,Validation ; M04 15:15 ; M05 ligne 7,actuel,
EV033,2026-09-10,15:12,Exploitation,ENGAGEMENT,Olivier exige un runbook final au moins quelques jours avant la MEP,Olivier Côté,02_Reunions/M04_Transcript_Comite_direction_10sept.txt,15:12,actuel,EV053
EV034,2026-09-10,15:25,Échéancier,DECISION,"Comité de direction approuve la MEP au 22 octobre 2026 (formulée par Élodie, aucune opposition)",Comité de direction,02_Reunions/M04_Transcript_Comite_direction_10sept.txt,15:22-15:25,actuel,EV004;EV030;EV055
EV035,2026-09-10,15:25,Échéancier,ENGAGEMENT,« On doit mettre les plans et communications à jour »,Élodie Caron,02_Reunions/M04_Transcript_Comite_direction_10sept.txt,15:25 ; Note_transition ligne 7,NON FAIT (Plan v3),EV038
EV036,2026-09-10,15:27,Échéancier,DECISION,"Réserve : le 22 n'est pas un go automatique ; critères sécurité, accessibilité, exploitation maintenus",Nicolas Perron / Sophie Lambert,02_Reunions/M04_Transcript_Comite_direction_10sept.txt,15:27-15:28,actuel,EV055
EV037,2026-09-10,15:40,Portée,DECISION,"Mobile (~18 000 $) : hors portée phase 1, aucune décision de dépense",Élodie Caron,02_Reunions/M04_Transcript_Comite_direction_10sept.txt,15:33-15:40,actuel,EV052
EV038,2026-09-12,,Échéancier,OBSOLETE,Plan v3 indique encore MEP 15 oct. (« Cible de planification ») ; D7 = Nicolas Perron avant sa nomination,—,04_Documents_projet/Plan_Projet_NOVA_v3_12sept.xlsx,Plan projet!D7:G7,contredit par la décision du 10 sept,EV034;EV041
EV039,2026-09-12,,Sécurité,CONSTAT,SEC-210 : export CSV admin journalisé sans objet ni résultat - Bloquante avant production,Sophie Lambert,03_Tickets/SEC-210.txt,Observé ; SEC-210_audit.png ligne 14:04:08,actuel (EN VALIDATION),EV045
EV040,2026-09-15,09:18,Échéancier,CONSTAT,"Alex croit encore au 15 oct. ; Nicolas corrige : 22 oct. approuvé, plan non corrigé",Nicolas Perron,07_Conversations_Teams/Teams_15sept_ProjetNOVA.txt,09:12-09:20,actuel,EV038
EV041,2026-09-16,08:35,Gouvernance,DECISION,Nicolas Perron devient chargé de projet NOVA,Élodie Caron,01_Courriels/E06_Transition_charge_projet.eml,corps ; Note_transition ligne 4 ; Teams_16sept 08:45,actuel,EV002
EV042,2026-09-17,13:14,Accessibilité,CONSTAT,"ACC-303 : dans la modale, Tab n'atteint jamais « Enregistrer » (Chrome, Edge, build 2026.09.17)",Mélissa Gagnon,03_Tickets/ACC-303.txt,comm. 17 sept 13:14 ; ACC-303_focus.png,actuel (OUVERT),EV057
EV043,2026-09-17,16:10,Intégration,VALIDATION,"INT-101 fermé : 120/120 recherches OK, validé par Marc (cause du report résolue)",Marc Gervais,03_Tickets/INT-101.txt,"comm. 17 sept 14:23, 16:10 ; E12 ; logs ligne 3",actuel,EV030;EV061
EV044,2026-09-18,,Suivi,CONSTAT,"Suivi : INT-101, DATA-401, PERF-501 fermés ; SEC-210 fix en préparation ; modale à vérifier ; runbook non final",Nicolas Perron et al.,02_Reunions/M05_CR_Suivi_18sept.txt,lignes 6-13,historique,
EV045,2026-09-19,10:20,Sécurité,DECLARATION,"Boréal : fix SEC-210 déployé en validation, « pour nous c'est réglé »",Julien Moreau,01_Courriels/E08_Correctif_journalisation.eml,corps ; SEC-210 comm. 19 sept 10:22 ; Teams_19sept 10:24,"livré, NON accepté",EV046
EV046,2026-09-19,14:05,Sécurité,CONSTAT,Sophie : ne pas fermer avant re-test sécurité (« déployé != accepté »),Sophie Lambert,03_Tickets/SEC-210.txt,comm. 19 sept 14:05 ; Teams_19sept 10:31,actuel,EV058
EV047,2026-09-21,16:28,Communication,PROPOSITION,"Brouillon d'Alex : « NOVA est au vert, sécurité et accessibilité complétées »",Alex Deschamps,01_Courriels/E11_Communication_statut.eml,corps (+ PJ Rapport_Statut_21sept),erroné ; aucune réponse documentée,EV048;EV059
EV048,2026-09-21,,Statut,OBSOLETE,"Rapport de statut : Sécurité VERT, Accessibilité VERT, Exploitation JAUNE ; préparé avant vérification détaillée des tickets",—,04_Documents_projet/Rapport_Statut_21sept.pdf,p.1 tableau Synthèse ; Commentaire de gestion,"contredit (SEC-210, ACC-303)",EV042;EV046;EV055
EV049,2026-09-22,13:03,Portée,CONSTAT,"Julien croit le mobile avancé inclus ; Nicolas : compatibilité de base oui, CR-04 18k non approuvé",Julien Moreau / Nicolas Perron,07_Conversations_Teams/Teams_22sept_Mobile.txt,13:03-13:10,actuel,EV027
EV050,2026-09-22,,Finances,FINANCE,INV-003 : 54 000 $ (36 000 jalon 3 + 18 000 CR-04 non approuvé) - En validation,Boréal,05_Contrats_et_finances/INV-003.pdf,p.1 lignes de facturation + Note,actuel (18 000 $ en litige),EV027;EV052;EV051
EV051,2026-09-23,10:18,Finances,CONSTAT,Finances demandent l'approbation de CR-04 avant de libérer INV-003,Amélie Fortin,01_Courriels/E07_Facture_003_question.eml,corps (+ PJ INV-003),actuel,EV052
EV052,2026-09-24,13:42,Portée,DECISION,CR-04 / mobile avancé reporté en phase 2 ; aucune dépense ni facturation CR-04 sans nouvelle approbation,Nicolas Perron,06_Architecture_et_decisions/Decision_Portee_Phase2.md,Décision + § 2 ; E10 corps (envoyé à Julien et Amélie),actuel,EV027;EV050
EV053,2026-09-25,,Exploitation,CONSTAT,"OPS-601 : runbook (v. 25 sept) - étape 4 rollback TODO, étape 5 validation post-déploiement À compléter",Olivier Côté,03_Tickets/OPS-601.txt,comm. 25 sept ; OPS-601_runbook.png lignes 4-5,actuel (OUVERT),EV060
EV054,2026-09-26,10:12,Accessibilité,ENGAGEMENT,Boréal vise le correctif ACC-303 dans la prochaine build ; relance son équipe ops pour le runbook,Julien Moreau,02_Reunions/M06_Transcript_Comite_26sept.txt,10:12-10:15,"en cours, date non précisée",EV042;EV053
EV055,2026-09-26,10:16,Échéancier,DECISION,"22 oct. reste la cible, conditionnelle à : validation SEC-210, fermeture ACC-303, runbook approuvé incl. rollback",Comité de direction (Nicolas Perron),02_Reunions/M06_Transcript_Comite_26sept.txt,10:09-10:16,actuel,EV034;EV059
EV056,2026-09-26,10:25,Finances,DECISION,"Regarder le mobile oui, facturer CR-04 non (non approuvé) ; Boréal a déjà commencé des ajustements",Nicolas Perron,02_Reunions/M06_Transcript_Comite_26sept.txt,10:22-10:27,actuel,EV052
EV057,2026-09-26,11:03,Accessibilité,CONSTAT,"ACC-303 toujours ouvert, correctif annoncé pour la prochaine build",Mélissa Gagnon,03_Tickets/ACC-303.txt,comm. 26 sept 11:03,actuel,
EV058,2026-09-26,15:40,Sécurité,CONSTAT,Re-test SEC-210 planifié ; statut maintenu EN VALIDATION,Sophie Lambert,03_Tickets/SEC-210.txt,comm. 26 sept 15:40,actuel,
EV059,2026-09-27,17:02,Communication,DECISION,Rappel : cible 22 oct. conditionnelle ; ne pas communiquer comme go garanti,Nicolas Perron,01_Courriels/E09_Rappel_mise_en_production.eml,corps,actuel,EV055
EV060,2026-09-29,,Exploitation,CONSTAT,OPS-601 : version finale du runbook toujours pas reçue,Olivier Côté,03_Tickets/OPS-601.txt,comm. 29 sept,actuel,
EV061,2026-09-29,,Risques,OBSOLETE,Registre : R-01 connecteur encore « Ouvert » (dernier suivi 9 sept) alors qu'INT-101 est fermé depuis le 17 sept,Marc Gervais (propriétaire),04_Documents_projet/Registre_Risques_29sept.xlsx,"Risques!F2, H2",contredit par la fermeture d'INT-101,EV043
EV062,2026-09-29,,Risques,DOCUMENT,"Registre : R-02 sécurité, R-03 exploitation, R-04 accessibilité ouverts ; R-05 migration fermé","Sophie, Olivier, Mélissa, Camille",04_Documents_projet/Registre_Risques_29sept.xlsx,Risques!A3:G6,actuel,EV055
